INSERT INTO USUARIO (ID, NOMBRE_USUARIO, CONTRASENYA, EMAIL, ENABLED, GRUPO) VALUES (1, 'Administrador', '$2a$08$lDnHPz7eUkSi6ao14Twuau08mzhWrL4kyZGGU5xfiGALO/Vxd5DOi', 'admin@admin.com', 1, 'Direccion');
INSERT INTO AUTHORITIES (ID, authority, user_id) VALUES (1, 'ROLE_USER', 1);
INSERT INTO AUTHORITIES (ID, authority, user_id) VALUES (2, 'ROLE_ADMIN', 1);
INSERT INTO USUARIO (ID, NOMBRE_USUARIO, CONTRASENYA, EMAIL, ENABLED, GRUPO) VALUES (2, 'Usuario', '$2a$10$lq6MtokRAo1JnDS7uTNDu.ixrgLAZubZfLMtGkAjfj/xrikKoAL3K', 'usuario@usuario.com', 1, 'Secretaria');
INSERT INTO AUTHORITIES (ID, authority, user_id) VALUES (3, 'ROLE_USER', 2);
INSERT INTO USUARIO (ID, NOMBRE_USUARIO, CONTRASENYA, EMAIL, ENABLED, GRUPO) VALUES (3, 'Luismi Lopez', '$2a$10$lq6MtokRAo1JnDS7uTNDu.ixrgLAZubZfLMtGkAjfj/xrikKoAL3K', 'luismi.lopez@salesianos.edu', 1, '2DAM');
INSERT INTO AUTHORITIES (ID, authority, user_id) VALUES (4, 'ROLE_USER', 3);
INSERT INTO USUARIO (ID, NOMBRE_USUARIO, CONTRASENYA, EMAIL, ENABLED, GRUPO) VALUES (4, 'Miguel Campos', '$2a$10$lq6MtokRAo1JnDS7uTNDu.ixrgLAZubZfLMtGkAjfj/xrikKoAL3K', 'miguel.campos@salesianos.edu', 1, '1DAM');
INSERT INTO AUTHORITIES (ID, authority, user_id) VALUES (5, 'ROLE_USER', 4);

INSERT INTO CAMPANYA (ID, NOMBRE_CAMPANYA, codigo) VALUES (1, 'Campaña del Kilo 2018', 'KILO2018');
INSERT INTO USUARIO_CAMPANYAS (USUARIO_ID, CAMPANYAS_ID) VALUES (3, 1);
INSERT INTO USUARIO_CAMPANYAS (USUARIO_ID, CAMPANYAS_ID) VALUES (4, 1);
INSERT INTO DATOS_MAESTROS (ID, TIPO, CAMPANYA_ID) VALUES (1, 'Bebidas', 1);
INSERT INTO DATOS_MAESTROS (ID, TIPO, CAMPANYA_ID) VALUES (2, 'Legumbres', 1);
INSERT INTO DATOS_MAESTROS (ID, TIPO, CAMPANYA_ID) VALUES (3, 'Conservas', 1);
INSERT INTO DATOS_MAESTROS (ID, TIPO, CAMPANYA_ID) VALUES (4, 'Dulce', 1);
INSERT INTO DATOS_MAESTROS (ID, TIPO, CAMPANYA_ID) VALUES (5, 'Pasta', 1);
INSERT INTO DATOS_MAESTROS (ID, TIPO, CAMPANYA_ID) VALUES (6, 'Carne', 1);
INSERT INTO DATOS_MAESTROS (ID, TIPO, CAMPANYA_ID) VALUES (7, 'Otro', 1);
INSERT INTO CAMPANYA (ID, NOMBRE_CAMPANYA, CODIGO) VALUES (2, 'Campaña de Juguetes 2018', 'JUG2018');
INSERT INTO DATOS_MAESTROS (ID, TIPO, CAMPANYA_ID) VALUES (8, 'Muñecos', 2);
INSERT INTO DATOS_MAESTROS (ID, TIPO, CAMPANYA_ID) VALUES (9, 'Electronica', 2);
INSERT INTO DATOS_MAESTROS (ID, TIPO, CAMPANYA_ID) VALUES (10, 'Deporte', 2);
INSERT INTO DATOS_MAESTROS (ID, TIPO, CAMPANYA_ID) VALUES (11, 'Otros', 2);

INSERT INTO APORTACION (ID, CANTIDAD, DATO, FECHA, CAMPANYA, DATO_MAESTRO, USUARIO) VALUES (1, 4, 'Botella de agua', '2018-11-12 13:24:30.403', 1, 1, 3);
INSERT INTO APORTACION (ID, CANTIDAD, DATO, FECHA, CAMPANYA, DATO_MAESTRO, USUARIO) VALUES (2, 7, 'Paquete de lentejas', '2018-11-12 13:25:13.403', 1, 1, 3);
INSERT INTO APORTACION (ID, CANTIDAD, DATO, FECHA, CAMPANYA, DATO_MAESTRO, USUARIO) VALUES (3, 3, 'Tableta de chocolate', '2018-11-13 18:24:30.403', 1, 1, 4);
INSERT INTO APORTACION (ID, CANTIDAD, DATO, FECHA, CAMPANYA, DATO_MAESTRO, USUARIO) VALUES (4, 6, 'Bricks de Leche', '2018-11-13 18:24:30.403', 1, 1, 4);
